user_id;name;email;rating;rd;g(rd)
1;user_1;test;1500;200;0.8442
2;user_2;test;1403;30;0.21912443605858803
3;user_3;test;1565;96;0.19737434382706381
4;user_4;test;1383;255;0.22213795736545508
