user_id;name;email;rating;rd;g(rd)
1;Pedro;test;1635;258;0.7737168791291479
2;Stefan;test;1550;236;0.8003862475370046
3;Joost;test;1500;350;0.6691
4;Michel;test;1500;350;0.6691
5;David;test;1500;350;0.6691
6;Noe;test;1500;350;0.6691
7;Lars;test;1337;290;0.7357937959797117
8;Nemo;test;1500;350;0.6691
9;Elisia;test;1500;350;0.6691
10;Wout:test;1500;350;0.6691
