user_id;name;email;rating;rd;g(rd)
1;Pedro;test;1498;222;0.8174759334943204
2;Stefan;test;1668;209;0.8333413070205795
3;Joost;test;1500;350;0.6691
4;Michel;test;1500;350;0.6691
5;David;test;1500;350;0.6691
6;Noe;test;1500;350;0.6691
7;Lars;test;1337;290;0.7357937959797117
8;Nemo;test;1500;350;0.6691
9;Elisia;test;1500;350;0.6691
10;Wout;test;1500;350;0.6691
