match_id;player_1;player_2;game;timebox;expected_outcome_p1;expected_outcome_p2
1;2;3;pool;time;0.3051330039571376;0.702573690386411
2;4;3;pool;time;0.6948669960428624;0.348571437107268
3;2;3;pool;time;0.3051330039571376;0.702573690386411
4;4;2;pool;time;0.8480215862582303;0.2225877978994249
