user_id;name;email;rating;rd;g(rd)
1;user_1;test;1473;198;0.20917767048681377
2;user_2;test;1403;30;0.21912443605858803
3;user_3;test;1565;96;0.1973743438270638
4;user_4;test;1383;255;0.222137957365455
